<?xml version="1.0" encoding="UTF-8"?>
<project-private xmlns="http://www.netbeans.org/ns/project-private/1">
    <editor-bookmarks xmlns="http://www.netbeans.org/ns/editor-bookmarks/2" lastBookmarkId="0"/>
    <open-files xmlns="http://www.netbeans.org/ns/projectui-open-files/2">
        <group>
            <file>file:/C:/Users/Dr%20Dinesh/Documents/NetBeansProjects/Feereport/src/feereport/ViewStudent.java</file>
            <file>file:/C:/Users/Dr%20Dinesh/Documents/NetBeansProjects/Feereport/src/feereport/AccountantSection.java</file>
            <file>file:/C:/Users/Dr%20Dinesh/Documents/NetBeansProjects/Feereport/src/feereport/ViewStudent1.java</file>
            <file>file:/C:/Users/Dr%20Dinesh/Documents/NetBeansProjects/Feereport/src/feereport/AddStudent.java</file>
            <file>file:/C:/Users/Dr%20Dinesh/Documents/NetBeansProjects/Feereport/src/feereport/Feereport.java</file>
            <file>file:/C:/Users/Dr%20Dinesh/Documents/NetBeansProjects/Feereport/src/feereport/Student.java</file>
            <file>file:/C:/Users/Dr%20Dinesh/Documents/NetBeansProjects/Feereport/src/feereport/EditStudent.java</file>
            <file>file:/C:/Users/Dr%20Dinesh/Documents/NetBeansProjects/Feereport/src/feereport/AccountantLogin.java</file>
            <file>file:/C:/Users/Dr%20Dinesh/Documents/NetBeansProjects/Feereport/src/feereport/StudentDao.java</file>
            <file>file:/C:/Users/Dr%20Dinesh/Documents/NetBeansProjects/Feereport/src/feereport/AccountantDao.java</file>
            <file>file:/C:/Users/Dr%20Dinesh/Documents/NetBeansProjects/Feereport/src/feereport/First.java</file>
            <file>file:/C:/Users/Dr%20Dinesh/Documents/NetBeansProjects/Feereport/src/feereport/StudentSignup.java</file>
            <file>file:/C:/Users/Dr%20Dinesh/Documents/NetBeansProjects/Feereport/src/feereport/StudentLogin.java</file>
        </group>
    </open-files>
</project-private>
